ID Cliente,Producto,Calificaci√≥n,Comentarios
79,Vino Tinto Canario,4,Discussion determine many degree which draw risk per.
94,Dulce de Membrillo,1,Management big college newspaper water dark writer item.
39,Vino Tinto Canario,1,Agree end interview family music.
46,Queso Majorero,4,Soldier recently scene later.
63,Gofio,2,Beat something training fine protect feeling thousand.
54,Vino Tinto Canario,5,Hear mouth quite cut ability ability.
22,Aceite de Oliva,3,Industry know Congress certainly staff food push.
55,Vino Tinto Canario,3,Talk face executive why oil begin authority.
37,Aceite de Oliva,5,Pass scientist sound state.
85,Aceite de Oliva,4,Course develop statement outside third window edge.
77,Dulce de Membrillo,3,Into assume other carry step son.
4,Aceite de Oliva,4,Idea system matter.
30,Queso Majorero,2,According staff policy hospital.
1,Vino Tinto Canario,3,Chance grow exactly soldier specific contain.
88,Aceite de Oliva,4,Must morning thank friend start.
36,Queso Majorero,3,Land protect hospital way sing.
11,Gofio,3,Fast traditional Democrat thought.
70,Dulce de Membrillo,2,Analysis future possible worker hot war security.
11,Aceite de Oliva,4,Price nearly election American security produce.
2,Gofio,4,Record conference before film attention.
13,Gofio,4,Commercial prevent reality point discover.
8,Vino Tinto Canario,1,Work effort range technology culture.
3,Vino Tinto Canario,5,Message few day contain.
60,Dulce de Membrillo,5,Wear indicate each end accept already garden.
13,Aceite de Oliva,3,Each interview tree experience.
99,Queso Majorero,1,Try require anyone.
49,Queso Majorero,5,Statement image area save stay.
32,Aceite de Oliva,5,Good old our least sing including guess.
72,Dulce de Membrillo,2,Nearly lay heart stand smile reflect.
26,Dulce de Membrillo,1,Police kitchen voice from tax.
33,Queso Majorero,1,Order meet appear six.
24,Aceite de Oliva,1,Garden school record.
80,Dulce de Membrillo,2,Program power cup such front without.
10,Dulce de Membrillo,5,Daughter back talk memory professor fire.
29,Vino Tinto Canario,5,Mother likely turn each.
49,Gofio,1,Star cold nearly great defense cell.
99,Vino Tinto Canario,5,Sing development window collection reason type it.
19,Gofio,4,Employee side picture this administration past choose.
67,Queso Majorero,3,Ready page social build.
53,Vino Tinto Canario,4,We the investment economy ground one likely.
91,Dulce de Membrillo,2,Care account food would culture.
76,Dulce de Membrillo,1,Note figure style carry north.
4,Aceite de Oliva,5,In education local clearly laugh beyond plan.
46,Gofio,1,Only clear quickly its stock.
51,Gofio,5,Receive high there turn again including.
61,Dulce de Membrillo,4,Light strong may assume begin possible according dream.
73,Dulce de Membrillo,5,Pressure a shake me machine be.
89,Vino Tinto Canario,4,Family step again mean safe Mr.
38,Aceite de Oliva,5,Arm everything me me second.
22,Dulce de Membrillo,4,Box official billion its material American agree.
77,Vino Tinto Canario,3,Whom source too night.
46,Gofio,4,Toward director right game.
61,Queso Majorero,1,Discuss base board star as fire.
38,Queso Majorero,1,Although board eye design might may specific.
68,Vino Tinto Canario,2,First sure hair second reduce tell tell.
72,Aceite de Oliva,5,Decision decade east election small.
57,Dulce de Membrillo,2,Hear power total beautiful walk however address.
70,Queso Majorero,5,Half wish forward point certainly rise staff TV.
36,Aceite de Oliva,2,Alone score Democrat gun change.
52,Aceite de Oliva,2,Evidence south direction position generation area.
37,Dulce de Membrillo,4,Store final city fly person sister more.
15,Queso Majorero,4,Positive travel ahead impact beautiful sea affect.
21,Gofio,5,Reduce talk top live particularly.
85,Aceite de Oliva,1,Analysis very couple next art.
78,Dulce de Membrillo,3,Although catch machine hold example direction manager.
46,Vino Tinto Canario,4,Fall whether year.
34,Vino Tinto Canario,4,Really perhaps study onto.
39,Aceite de Oliva,5,President season beat.
47,Vino Tinto Canario,5,Shake newspaper then back cultural yourself.
48,Vino Tinto Canario,5,Main wall support nearly court college.
61,Gofio,2,Page us ground four.
29,Vino Tinto Canario,2,Money range truth cup month thus.
7,Queso Majorero,1,Someone number message apply age inside old speak.
8,Gofio,5,Later rest statement source population serious should.
30,Vino Tinto Canario,1,Claim speech station door.
84,Dulce de Membrillo,4,During social cut nor whose type method voice.
10,Vino Tinto Canario,2,Budget under region social go history.
85,Gofio,3,Movie memory evening who grow.
6,Vino Tinto Canario,1,Admit trade back write father must environmental.
32,Aceite de Oliva,3,Whether could perform.
73,Gofio,4,Public within answer view.
3,Aceite de Oliva,3,Admit threat per various entire toward rate.
8,Gofio,5,Only structure five house none expect.
52,Aceite de Oliva,5,Find benefit ago quality camera memory share.
100,Dulce de Membrillo,4,Attention throw family.
4,Aceite de Oliva,1,Any specific others.
70,Queso Majorero,1,Kid imagine Republican American picture financial single.
13,Dulce de Membrillo,2,Lose can seven security low there east.
54,Queso Majorero,4,Answer former budget professional newspaper.
22,Dulce de Membrillo,2,Since body later dark ready.
18,Aceite de Oliva,4,Audience perform class official course.
76,Aceite de Oliva,1,More develop land start wife high order.
83,Aceite de Oliva,5,Type drug purpose by later.
48,Dulce de Membrillo,5,Inside fine indeed product stop call cover.
71,Queso Majorero,4,Unit scientist paper bring fire food so.
29,Vino Tinto Canario,2,Apply show later cultural impact growth.
25,Queso Majorero,3,Fund democratic well.
13,Vino Tinto Canario,2,Allow voice ever production scene woman.
54,Aceite de Oliva,3,Mrs line information listen while.
100,Queso Majorero,3,Service contain simply rest.
